id,date,author,quote
1115,2015-11-16,"Serge","""I should've known this mess was from Turner."""
1116,2015-11-16,"Serge","""Where did all this hair come from?!"""
2028,2016-03-04,"Serge","""How many 5-drops is too many in draft?"""
2034,2016-03-04,"Serge","""I take three, taking me to... three less."""
2038,2016-03-04,"Serge","""I am ALL of the lies."""
2039,no date,"Serge","""YOU'RE a lot of mana."""
2041,2016-03-04,"Serge","""Nine is a lot of things."""
2163,2016-03-25,"Serge","""Dix, they think you're an old man."""
2164,2016-03-25,"Serge","""Radiation for everyone!"""
2560,2016-05-18,"Serge","""I don't know how to punch people. All I know how to do is climb."""
2760,2016-06-10,"Serge","""Slow Plains warning."""
2871,2016-06-24,"Serge, to James","""You punch harder than I do!"""
2872,2016-06-24,"Serge","""I almost won by cheating."""
3310,2016-08-26,"Serge","""What am I doing in real life?"""
3459,2016-09-30,"Serge","""Parts of me are trying to escape."""
3879,2017-01-20,"Serge","""Don't worry, we're not live yet"""
3959,2017-02-08,"Serge","""I still think it's worth the practise. Is that worth a bunch of points?"""
3985,2017-02-10,"Serge","""My power is friendship!"""
4126,2017-03-24,"Serge","""I'm worried about you stealing my junk"""
4135,2017-03-31,"Serge","""You fell for my trap card: actual good cards."""
4162,2017-04-21,"Serge","""I'm just here to make friends."""
4173,2017-04-29,"Serge","""I got chat in my head."""
4213,2017-05-22,"Serge","""Coffee and cannons, what could possibly go wrong?"""
4216,2017-05-22,"Serge","""Find somebody to look at you the way Serge looks at coffee."""
4222,2017-05-26,"Serge","""I'm gonna draft this card just so I don't have to make judge calls on it."""
4240,2017-05-31,"Serge","""Stop shooting me! Can't we just be friends?"""
4243,2017-05-31,"Serge","""I brought a gun to a crossbow fight!"""
4311,2017-07-21,"Serge","""If I do a sheep I screw myself."""
4319,2017-07-27,"Serge","""Sign my name on a bullet and send it to them."""
4323,2017-07-27,"Serge","""That's a bug? I thought it just sucked."""
4324,2017-07-27,"Serge","""My name is James and I hate beautiful things."""
4325,2017-07-27,"Serge","""How many times do I need to punch a boy in the head before he explodes?"""
4326,2017-07-27,"Serge","""Goodbye, James. You weren't even worth the bullets they put in you."""
4455,2017-11-03,"Serge","""I'm full of lies, full disclosure."""
4483,2017-11-10,"Serge","""Magic has a lot of cards and smells."""
4539,2017-12-08,"Serge","""Is a house a tree?"""
4551,2017-12-16,"Serge","""They're good dogs, Booj."""
4666,2018-02-09,"Serge","""Ah, Chat remembered my face."""
4718,2018-03-03,"Serge","""As god intended, with our rocket fists!"""
4721,2018-03-03,"Serge","""The score is 1-1, with two goals for Serge."""
4722,2018-03-03,"Serge","""We will rock you like a dolphin hurricane."""
4724,2018-03-03,"Serge","""I accidentally milked a cow instead of lighting it on fire!"""
4727,2018-03-03,"Serge","""I don't know what happened there but somebody experienced somebody."""
4801,2018-03-16,"Serge","""I won the mulligan thingy!"""
4903,2018-04-20,"Serge","""I disrespected Yargle once...ONCE."""
4932,2018-04-28,"Serge","""I'm a team player. I will NOT hurt my friends."""
4967,2018-05-09,"Serge","""Would anybody like to affect my water?"""
4977,2018-05-14,"Serge, as Malfeasance","""I can't think of anyone else who would have a chance of bangin'"""
4979,2018-05-14,"Serge","""We're gonna get wiped by a trash panda."""
4989,2018-05-18,"Serge","""You're not a dream. You don't know me."""
5114,2018-06-27,"Serge","""Then you tell me where my pants are, James!"""
5160,2018-07-11,"Serge","""Can you put carpet on the celling?"""
5185,2018-07-17,"Serge","""I'm gonna go play with cows in the sky."""
5202,2018-07-24,"Serge","""Beware for I am Mecha Serge, destroyer of worlds!"""
5271,2018-08-21,"Serge","""Yes! we have cows."""
5276,2018-08-21,"Serge","""Screw you, aesthetically-ambiguous staircase!"""
5283,2018-08-24,"Serge","""You have no idea how much this hurts me, Chat. I'll take one."""
5312,2018-09-11,"Serge","""I would never weaponize Chat!"""
5313,2018-09-11,"Serge","""Somebody's shooting at me! Perfect!"""
5321,2018-09-19,"Serge","""Ooh! We get to fix a thing!"""
5322,2018-09-19,"Serge","""You can't just say ""Judge!"" and not mean it."""
5330,2018-09-25,"Serge","""Come see our one of a kind water feature, of which we have two."""
5344,2018-09-29,"Serge","""It's not moving, therefore it's an enemy."""
5351,2018-10-02,"Serge","""I don't think I need to farm pandas."""
5353,2018-10-02,"Serge","""At least we obfuscate the horror."""
5368,2018-10-05,"Serge","""This game has taken everything from me!"""
5369,2018-10-05,"Serge","""At least I'm consistent."""
5374,2018-10-06,"Serge","""The best way to add a flavour to anything is just to burn it."""
5381,2018-10-09,"Serge","""Please stop moving so I can click on your head!"""
5401,2018-10-16,"Serge","""We should just throw diamonds at each other to flaunt our wealth."""
5431,2018-10-23,"Serge","""Your meat juice is everywhere James!"""
5468,2018-10-31,"Serge","""Please critique my dab."""
5477,2018-11-02,"Serge","""It's a power move to show up at a commander game with ten Sol Rings on all of your fingers."""
5504,2018-11-11,"Serge","""As long as Chat can see out of it, it's a fort. If they can't see out of it, it's a tomb."""
5533,2018-11-15,"Serge","""The best thing I could do is wrap Waluigi around my face."""
5540,2018-11-20,"Serge","""There's documentation on the style guide, it's called looking down!"""
5559,2018-12-04,"Serge","""It seems to be a weird and dangerous tradition."""
5566,2018-12-10,"Serge","""For now, the sheep are my friends."""
5614,2018-12-17,"Serge","""My wood was great!"""
5689,2019-01-07,"Serge","""I become the sausage dog."""
5695,2019-01-08,"Serge","""That depends on your definition of crime."""
5696,2019-01-08,"Serge, on sheep","""Look at this art."""
5784,2019-02-02,"Serge","""I love all coffee."""
5786,2019-02-04,"Serge","""What could go wrong?"""
5793,2019-02-05,"Serge","""Lets use some stones to describe our words."""
5810,2019-02-11,"Serge","""Let's go to a dream world where there's no snow."""
5812,2019-02-11,"Serge, as Molander","""Everyone keeps saying I have boundary issues, and I don't get that because I don't have boundaries so where are the issues?!"""
5814,2019-02-11,"Serge, as Molander","""Be you, be free! Express yourself."""
5823,2019-02-13,"Serge","""Please keep a respectful distance so I can charge you!"""
5828,2019-02-15,"Serge","""Its ears aren't pointy and it's riding a spider, that says ""human"" to me."""
5829,2019-02-15,"Serge","""I looked at those ears and ruled them to be 'not pointy.'"""
5832,2019-02-18,"Serge, as Molander","""I've heard if you die in a disguise, you also die in real life."""
5834,2019-02-19,"Serge","""Am I the only one who's pants explode in the Nether?"""
5836,2019-02-19,"Serge","""I know this is on me, and I'm trying to blame James."""
5858,2019-03-04,"Serge","""Please don't milk the krasis."""
5887,2019-03-12,"Serge","""OH THAT'S BAD!"""
5910,2019-03-16,"Serge","""How much can an egg weigh? Like, four balloons?"""
5919,2019-03-16,"Serge","""I was distracted by my egg child."""
5923,2019-03-18,"Serge","""Maybe the NPC can save us!"""
5924,2019-03-18,"Serge, as Molander","""I tend to not want to blame...people? For things?"""
5944,2019-03-26,"Serge","""If there's one thing James has a lot of it's face."""
5960,2019-04-02,"Serge","""the two ingredients of a milkshake are not milk and shake."""
5976,2019-04-09,"Serge, Menacingly","""No one teases Yager."""
5987,2019-04-13,"Serge","""Chat's telling me about averages, like I know how to do math."""
5989,2019-04-13,"Serge","""That's where I like to keep my iron, chat: in the wall, where it's safe."""
5992,2019-04-13,"Serge","""I'm being betrayed by my slime babies!"""
6009,2019-04-23,"Serge","""Ooh this is spoopy, what are you?"""
6026,2019-04-30,"Serge","""If there's one thing I know about James: it's that he can't do it, and he's certainly not a big boy."""
6035,2019-05-10,"Serge","""Why would I play Kitchen Finks in a deck where it's legal?"""
6048,2019-05-13,"Serge","""He opens up my heart through the world of gambling. I'm in."""
6053,2019-05-14,"Serge","""That was your first mistake James, trusting Uno."""
6057,2019-05-21,"Serge","""With authority you have to yeet a diamond."""
6058,2019-05-21,"Serge","""I'm so happy clap clap clap golf clap."""
6068,2019-05-27,"Serge, as Sword","""We just have to outsmart the sun."""
6074,2019-05-28,"Serge","""The pigs are now hostile."""
6075,2019-05-28,"Serge","""You didn't trust me with your blood so you took it away from me."""
6099,2019-06-09,"Serge","""Damn millennials, releasing dragons upon the world!"""
6160,2019-06-22,"Serge","""Maybe I can befriend the ooze. Does the ooze have any sense of justice?"""
6165,2019-06-22,"Serge","""What are you gonna do with a bucket of minotaur?!"""
6205,2019-07-09,"Serge","""James just can't go a stream without dying eh?"""
6217,2019-07-16,"Serge","""Help, there's a giant taint seed in the magic area."""
6246,2019-07-29,"Serge","""I lift curses through clapping!"""
6290,2019-08-06,"Serge, on dealing with being on fire","""You're fine, just believe and eat."""
6317,2019-08-13,"Serge","""James and Serge: two friends with no pants, on an adventure!"""
6321,2019-08-14,"Serge","""We have Chat, we don't need an app."""
6327,2019-08-14,"Serge","""Oh my meow."""
6332,2019-08-16,"Serge","""Alright, this got weird. Perfect."""
6333,2019-08-16,"Serge","""Did you touch the ceremonial Vaseline?"""
6343,2019-08-20,"Serge","""Reminder: Don't fall to your death."""
6346,2019-08-20,"Serge","""Oh, My, God this sucks......MY BUTT!"""
6347,2019-08-20,"Serge","""You think I was saying 'help' for fun?"""
6374,2019-09-10,"Serge","""Subway: Blaze fresh."""
6375,2019-09-10,"Serge","""Oh, I can find a coffee worth your life, James."""
6382,2019-09-11,"Serge","""Yay, I'm evil!"""
6388,2019-09-13,"Serge","""Thinking is hard, okay? When was the last time you had to think about anything?"""
6401,2019-09-17,"Serge","""I don't care about the sunk cost fallacy."""
6405,2019-09-17,"Serge","""As we say in Canada: E zed, P Zed."""
6456,2019-10-08,"Serge","""No more stuff, only games."""
6460,2019-10-08,"Serge","""Well last time i checked minecraft 1.5, peeing didn't cause mobs to spawn!"""
6479,2019-10-12,"Serge","""Fear me, for I shall clean all of you!"""
6480,2019-10-12,"Serge","""Now chat's all 'TEETH' and honking. What have I done?"""
6481,2019-10-12,"Serge","""It's like yeeting, but for profit!"""
6495,2019-10-15,"Serge","""If it ain't wool, don't get greedy."""
6496,2019-10-15,"Serge","""You left the door open and let the fire zombies in! You absolute melon!"""
6497,2019-10-15,"Serge","""Believe in the me that believes in me."""
6500,2019-10-19,"Serge","""I never want people to be unhappy. Have you met me?"""
6505,2019-10-22,"Serge, to James","""I'll be the judge of whether or not you're an idiot."""
6506,2019-10-22,"Serge","""We're not cheating a cow this far forward."""
6507,2019-10-22,"Serge","""How many times can we count James' hubris?"""
6508,2019-10-22,"Serge","""If anything, I'm the hero that Chat deserves."""
6509,2019-10-22,"Serge","""I'd like to get out of you so I could see please."""
6517,2019-10-25,"Serge","""Who reads cards these days? It's 2019!"""
6542,2019-11-07,"Serge","""It's good words!"""
6543,no date,"Serge","""They have a plan and I have boundless energy so let's do this."""
6573,2019-11-14,"Serge","""Botanically, bananas are a baby."""
6580,2019-11-19,"Serge","""James, everything about you makes me stressed."""
6605,2019-12-09,"Serge, as Sebastian","""I don't want to sound like I'm vindictive, because I'm VERY vindictive..."""
6607,2019-12-09,"Serge","""I open my inner Kevin eyes."""
6610,2019-12-10,"Serge","""If you don't rhyme on your Mic check, people can't hear you."""
6632,2019-12-17,"Serge","""Do you remember all the pain I've experienced?"""
6669,2019-12-31,"Serge","""I am super on fire right now and I don't appreciate it."""
6671,2020-01-01,"Serge","""Are you a dru-id or a dru-idn't?"""
6672,2020-01-01,"Serge","""Flex on us, birthday boy!"""
6677,2020-01-06,"Serge","""I have a list of all of Chat's weaknesses."""
6681,2020-01-07,"Serge","""I'm always partying like a rock star, that's my secret James."""
6682,2020-01-07,"Serge","""Why don't baby zombies catch fire in the sun?"""
6702,2020-01-14,"Serge","""You don't want sweaty books."""
6739,2020-01-29,"Serge","""Name a better pairing than Serge and hubris."""
6747,2020-02-04,"Serge","""I trust you the least saying that Uno."""
6756,2020-02-10,"Serge","""You can't ask for my help then use my help, that's not how help works."""
6771,2020-02-18,"Serge","""Bigger is better until it's too big."""
6774,2020-02-19,"Serge","""I don't see you flexing, so get shopping!"""
6785,2020-02-25,"Serge","""You're gonna have to be more specific, we have a lot of dumb ideas."""
6790,2020-02-28,"Serge","""I hate the universe and all of its messages!"""
6827,2020-03-17,"Serge, to James","""The first thing you need to do is stop being bad."""
6828,2020-03-17,"Serge","""You wasted 12 minutes of three people's lives, that's closer to 40 minutes!"""
6839,2020-03-24,"Serge","""I manage to punch through glass with a sleeping bag."""
6840,2020-03-24,"Serge","""I say we embrace the sun."""
6857,2020-03-28,"Serge","""I love Chat but I don't trust them!"""
6868,2020-03-31,"Serge","""Minecraft isn't a game about stuff."""
6874,2020-04-03,"Serge","""Second order of business, I have to figure out what to do with my life."""
6879,2020-04-06,"Serge, as Trilby","""It doesn't matter what you do, just as long as people think you're cool."""
6880,2020-04-06,"Serge, as Trilby","""We'll be all square! Except cooler than square. We'll be round."""
6911,2020-04-21,"Serge","""I like to think of sponging as Minecraft golf."""
6927,2020-05-04,"Serge","""You are a slippery pig, congratulations!"""
6936,2020-05-06,"Serge","""This is me vs me. Either way I lose."""
6947,2020-05-12,"Serge, of chat","""Ignore them, they're wrong."""
6960,2020-05-23,"Serge","""So, I'm currently 60-40 leaning towards the melon."""
6996,2020-06-09,"Serge","""I am holding the speaking TNT."""
7001,2020-06-17,"Serge","""No-one here has ever seen a nose before."""
7006,2020-06-20,"Serge","""Most people who play this game as bad as us have stopped."""
7027,2020-06-30,"Serge","""If I wanted to know what the time was I'd build a clock."""
7028,2020-06-30,"Serge","""There's a boat hiding in every tree."""
7047,2020-07-11,"Serge","""Poggifers, fetch me another intellectual."""
7090,2020-08-02,"Serge","""If I may interject as the Judge...."""
7100,2020-08-04,"Serge","""You found the gold stash behind the pig faces."""
7105,2020-08-05,"Serge","""What's the range on this eggplant?!"""
7107,2020-08-05,"Serge","""You have stripped me of my cactus, how dare you."""
7122,2020-08-11,"Serge","""If you can't see it, it doesn't exist."""
7163,2020-09-01,"Serge","""Oh we are so dumb, we are so impossibly stupid."""
7177,2020-09-08,"Serge","""That's my defence, don't ask any more questions."""
7178,2020-09-08,"Serge","""Ah good old first pick is the right pick eh Chat?"""
7189,2020-09-15,"Serge","""The question we have to ask ourselves is: is it time to bucket?"""
7192,2020-09-17,"Serge","""Something about fjords?"""
7233,2020-09-22,"Serge","""Do you even listen when we talk James?"""
7241,2020-09-26,"Serge","""I got to google dongle."""
7253,2020-09-29,"Serge","""I don't typically wanna ""no"" people, but no."""
7262,2020-10-06,"Serge","""I've never flexed this hard before, it feels good."""
7263,2020-10-06,"Serge","""The only thing this show is good for is James dying repeatedly."""
7279,2020-10-10,"Serge","""I'm not much of a Poggers streamer, but that is a poggers moment if I ever seen one."""
7280,2020-10-10,"Serge","""I thought nachos were a vessel for cheese, turns out they were a vessel for friendship."""
7286,2020-10-13,"Serge","""I never said I was a mathematician."""
7312,2020-10-27,"Serge","""The key has been delivered, I repeat."""
7319,2020-11-03,"Serge","""For awhile I wasn't powerful, and it felt bad, now I feel good....any questions?"""
7379,2020-12-01,"Serge","""Butt pancakes, that's a thing I just said."""
7389,2020-12-08,"Serge","""That's all I say now, just 'hacker voice'."""
7390,2020-12-08,"Serge","""Fool me once, shame on James. Fool me twice, also shame on James."""
7397,2020-12-15,"Serge","""Go do an absolute burgle."""
7398,2020-12-15,"Serge","""We don't have to make the ground out of gold, just the walls."""
7406,2020-12-22,"Serge","""If I saw a fire you know what I'd do? I'd pull out a marshmallow."""
7407,2020-12-22,"Serge","""I'm ready to say yes to whatever you want to do."""
7408,2020-12-22,"Serge","""My main job is babysitter."""
7419,2020-12-26,"Serge","""I have enough hit points to tank this aubergine"""
7426,2020-12-30,"Serge","""Stop getting married, I can't afford to treat myself to things."""
7427,2020-12-30,"Serge","""Instead of getting married I just went on a cruise ship. Twice!"""
7440,2021-01-05,"Serge","""I'm glad you found joy in a very you way."""
7441,2021-01-05,"Serge","""I love the sentence 'Grass positive'."""
7444,2021-01-12,"Serge","""The long haired hippy witch hut need not apply."""
7446,2021-01-12,"Serge","""Man coffee is so good."""
7448,2021-01-12,"Serge","""I feel like every time we come back to this, we get a little worse at minecraft."""
7518,2021-03-09,"Serge","""Why are you making these decisions?"""
7519,2021-03-09,"Serge","""Yes children, continue to fight for my affection."""
7541,2021-03-24,"Serge","""I chose spiders over this."""
7570,2021-04-13,"Serge","""I just legitimately like witch farms."""
7571,2021-04-13,"Serge","""Tell me that dispensers aren't poging."""
7572,2021-04-13,"Serge","""The squid would have been in flux at that time."""
7578,2021-04-21,"Serge","""Wordplay only works if the words don't play!"""
7609,2021-05-19,"Serge","""Respect the Oxford comma."""
7612,2021-05-22,"Serge","""Quick update: I think I am bleeding."""
7666,2021-06-29,"Serge","""When you get to the coast, look for the boat."""
7681,2021-07-06,"Serge","""Am I James's Freakazoid?"""
7682,2021-07-06,"Serge","""Let's go attack and despawn god."""
7683,2021-07-06,"Serge","""I'm the brain whisperer."""
7684,2021-07-06,"Serge, on James and RebelliousUno","""Chat is like talking to MENSA compared to these two."""
7697,2021-07-13,"Serge","""I don't do math before 11am."""
7699,2021-07-20,"Serge","""Oh I'm the biggest dumb dumb who ever dumb dumbed."""
7707,2021-07-27,"Serge","""Thanks, GG, text me about poutine."""
7713,2021-08-03,"Serge","""Rock stars take care of business before they party."""
7728,2021-08-17,"Serge","""Stop trying to make Poutine happen."""
7729,2021-08-17,"Serge","""Why would they give us hearts if they didn't mean anything?"""
7765,2021-09-07,"Serge","""Don't let chat lead you astray."""
7794,2021-09-28,"Serge","""I don't wanna pull a James."""
7795,2021-10-02,"Serge","""How was I supposed to know to look left??"""
7806,2021-10-12,"Serge","""Turns out fish got hands."""
7807,2021-10-12,"Serge, to James","""If you want to be our dedicated twerker, I won't stop you."""
7816,2021-10-20,"Serge","""A perfect square is not the same as a prime number, right?"""
7886,2021-11-30,"Serge, to James","""I'm not ready for you to be naked yet."""
7890,2021-12-07,"Serge","""Yes, I always double blast."""
7902,2021-12-21,"Serge","""Everything you have done has made it worse."""
7929,2022-01-04,"Serge","""Please, I beg of you, go away cheeseburgers."""
7932,2022-01-07,"Serge","""I was Twitch Chat there for a second, and I apologize."""
7942,2022-01-22,"Serge","""Oh, ooohhhhhh. That is creepy."""
7946,2022-01-24,"Serge","""It's butt is open! DPSing the butt!"""
8041,2022-04-19,"Serge","""You want some alone time? get a boat!"""
8065,2022-05-10,"Serge","""Trust me, I've done things for aesthetics before."""
8073,2022-05-17,"Serge","""This is mega proggers!... is a sentence I just said in the year 2022."""
8079,2022-05-21,"Serge","""I'm a sweet potato. Oh, buckets!"""
8117,2022-06-21,"Serge","""The pig is not ignoring you James, it's actively gaming."""
8132,2022-07-11,"Serge","""Maybe I don't know the value of my own feet."""
8133,2022-07-11,"Serge","""Confidence does not mean correctness."""
8147,2022-07-26,"Serge","""I've never counted a day in my life."""
8154,2022-08-02,"Serge","""We'll burger you the rest of the way."""
8155,2022-08-02,"Serge, on chat","""They're wrong."""
8156,2022-08-02,"Serge","""The problem is you, James!"""
8160,2022-08-09,"Serge","""James is the best vault hunter I've ever met."""
8188,2022-08-22,"Serge","""Started from the bottom and I'm still going to be there afterwards, probably."""
8189,2022-08-23,"Serge","""What are these pants?!"""
8202,2022-09-02,"Serge","""Wake up, new skins just dropped."""
8203,2022-09-02,"Serge","""oh isn't this adorable, my eyes are bleeding."""
8204,2022-09-02,"Serge","""The first thing you're gonna do James is give me money."""
8207,2022-09-02,"Serge, imitating Ian","""Welcome to Tinker Tailor Solder Fry. Today we're pickling prunes!"""
8210,2022-09-03,"Serge","""I'm not here to think. I'm here to lead people to spiritual enlightenment, and that's it."""
8218,2022-09-06,"Serge, to James","""Stop digging holes in my base!"""
8220,2022-09-10,"Serge","""I've never heard of hubris, all I do is win."""
8222,2022-09-10,"Serge","""You do not want the gods to notice you. Trust me. Trust me."""
8223,2022-09-10,"Serge","""I'm also very handsome and modest. Thank you."""
8229,2022-09-13,"Serge","""Come for the Minecraft, stay for the dunks on capitalism!"""
8230,2022-09-16,"Serge","""Let's buy a backup Snerge."""
8240,2022-09-20,"Serge","""Don't use the passive voice on me."""
8284,2022-10-18,"Serge","""I would like to be in a world that isn't broken."""
8305,2022-11-04,"Serge","""I'm going to unapologize for my apology. Everything is perfect."""
8310,2022-11-08,"Serge","""I needed that translated to human speak."""
8319,2022-11-13,"Serge","""Horses are the deer of the sea."""
8320,2022-11-13,"Serge","""If I find people unfunny I'll just get rid of them."""
8321,2022-11-13,"Serge, to James","""My level is I win, your level is you pay a lot of money..."""
8334,2022-11-14,"Serge","""The most important thing as a streamer is to take the best jokes and take credit for them."""
8349,2022-11-16,"Serge","""Why do you like talking into a microphone? It's weird!"""
8397,2022-12-20,"Serge","""I'm doing very good, everyone should applaud me."""
8413,2022-12-30,"Serge, to Wheeler","""Do I lose 'cause I questioned you?"""
8433,2023-01-21,"Serge","""Everything I know is second-hand from Chat. Everything."""
8438,2023-01-23,"Serge","""Yeah the weapon you just get, I think it has a cool turndown."""
8441,2023-01-24,"Serge","""It feels like my darkness is just darker."""
8447,2023-01-28,"Serge","""Don't make fun of me when I'm eating cookie."""
8460,2023-02-08,"Serge","""It's a weird day when people tell me to be more like Chat."""
8473,2023-02-20,"Serge","""Come back, weird space clam!"""
8517,2023-04-18,"Serge","""I've got my two badgers and that's all I need."""
8533,2023-05-12,"Serge","""If you have to ask who baby is, you're probably baby."""
8555,2023-06-06,"Serge","""The rules are all fun and we're in charge."""
8556,2023-06-10,"Serge","""There's nothing in the rules about Gandalfing wrong."""
8589,2023-07-11,"Serge","""In my defence, I trusted Uno."""
8592,2023-07-17,"Serge","""Soap is bad. Soap is a trap."""
8593,2023-07-17,"Serge","""Oh, please don't mistake me for a gamer."""
8596,2023-07-18,"Serge","""Look at them! they're swimming around with their little faces!"""
8617,2023-08-08,"Serge","""No one needs to curse James, James is there to curse James."""
8619,2023-08-12,"Serge","""Call me ""8 Sausage"" Yager."""
8626,2023-08-19,"Serge","""We've spent hours waiting for goats to breed."""
8638,2023-08-29,"Serge","""If I'm wrong, it's going to be hilarious."""
8639,2023-09-01,"Serge","""Okay, first order of business: Meow."""
8652,2023-09-26,"Serge","""We're playing video games. At the end of the day, this is supposed to be fun too."""
8660,2023-09-30,"Serge","""Tastes like Alberta."""
8662,2023-10-03,"Serge","""Be the Zamboni you want to see in the world."""
8737,2023-10-31,"Serge","""Just assume I'm doing a good job."""
8738,2023-10-31,"Serge","""I refuse to acknowledge that I might be wrong."""
8740,2023-11-03,"Serge, about Wheeler, urgently","""Just say "no" to everything he says!"""
8853,2023-11-28,"Serge","""My orbs are a gift to the world."""
8867,2023-12-19,"Serge","""People told me to kite, so I have fled."""
8874,2023-12-27,"Serge","""Coffee's legit good."""
8876,2023-12-29,"Serge","""I would not first-pick ""foot""."""
8898,2024-01-23,"Serge","""I'm gonna start evolving sheep into their final form of bed."""
8910,2024-02-06,"Serge","""yeah I get greedy every now and then."""
8932,2024-02-27,"Serge","""If there's one thing I know about this community, it's that they love toilets."""
8951,2024-03-19,"Serge","""It's okay. There's all this blood here."""
8952,2024-03-19,"Serge","""'Let the viewer decide?' god no."""
9046,2024-07-15,"Serge","""What is wrong with your hole?"""
9071,2024-08-02,"Serge","""Attacking frees up the monkey."""
9087,2024-09-06,"Serge","""Chat, please! Not now! Dads are fighting!"""
9101,2024-09-28,"Serge","""There is so much pumpkin in my nose."""
9123,2024-10-22,"Serge","""I've never met a problem that couldn't be holed."""
9129,2024-11-05,"Serge","""Are you big-splaining to me?"""
9208,2024-12-10,"Serge","""The only thing that will make me feel good about myself is diamonds."""
9239,2025-01-14,"Serge","""With enough doors you can attack and dethrone God."""
9256,2025-02-11,"Serge","""Can't believe James killed a man for his pants."""
9267,2025-02-28,"Serge","""Chat, don't try to do math. It's not a good look."""
9280,2025-03-21,"Serge","""I'm just a player with a deck that has way too many game objects."""
9294,2025-04-01,"Serge","""This is so good I wish it was better."""
9307,2025-05-13,"Serge","""I can not bonemeal to completion."""
9321,2025-05-31,"Serge","""Stop yappin', start yummin'!"""
9360,2025-08-01,"Serge, to Wheeler","""You've got two perfectly serviceable hands to play with yourself."""
9387,2025-09-01,"Serge, to Nelly","""Eat the fruit, I'll pull the berries out of you."""
